index,action,id_message,id_participant,recipients
2022-10-20 12:12:51.584105+08:00,send notification,jitai_temperature,orenth02,1
2022-10-20 12:12:52.365312+08:00,send notification,jitai_temperature,orenth03,1
2022-10-20 14:42:52.719691+08:00,send notification,jitai_temperature,orenth01,1
2022-10-20 15:27:54.200827+08:00,send notification,jitai_temperature,orenth02,1
2022-10-20 15:27:55.079841+08:00,send notification,jitai_temperature,orenth03,1
2022-10-24 14:27:56.505643+08:00,send notification,jitai_temperature,orenth01,1
2022-10-24 14:27:58.085264+08:00,send notification,jitai_temperature,orenth02,1
2022-10-24 14:42:57.609703+08:00,send notification,jitai_temperature,orenth04,1
2022-10-24 15:58:00.286470+08:00,send notification,jitai_temperature,orenth07,1
2022-10-24 17:42:59.436551+08:00,send notification,jitai_temperature,orenth01,1
2022-10-25 10:57:57.609138+08:00,send notification,jitai_temperature,orenth01,1
2022-10-25 10:57:58.486385+08:00,send notification,jitai_temperature,orenth04,1
2022-10-25 11:47:10.486492+08:00,send notification,jitai_temperature,orenth07,1
2022-10-25 11:57:59.465837+08:00,send notification,jitai_temperature,orenth03,1
2022-10-25 12:58:00.111379+08:00,send notification,jitai_temperature,orenth02,1
2022-10-25 14:12:59.881851+08:00,send notification,jitai_temperature,orenth01,1
2022-10-25 14:13:00.730612+08:00,send notification,jitai_temperature,orenth04,1
2022-10-25 14:58:02.281542+08:00,send notification,jitai_temperature,orenth07,1
2022-10-25 15:14:30.073524+08:00,send notification,jitai_temperature,orenth03,1
2022-10-25 16:13:03.372153+08:00,send notification,jitai_temperature,orenth02,1
2022-10-27 10:43:03.748019+08:00,send notification,jitai_temperature,orenth02,1
2022-10-27 11:13:02.811204+08:00,send notification,jitai_temperature,orenth04,1
2022-10-27 11:43:02.676626+08:00,send notification,jitai_temperature,orenth01,1
2022-10-27 11:43:05.176195+08:00,send notification,jitai_temperature,orenth07,1
2022-10-27 12:28:04.209248+08:00,send notification,jitai_temperature,orenth03,1
2022-10-27 12:28:05.069266+08:00,send notification,jitai_temperature,orenth06,1
2022-10-27 13:58:05.997774+08:00,send notification,jitai_temperature,orenth02,1
2022-10-27 14:28:05.417339+08:00,send notification,jitai_temperature,orenth04,1
2022-10-27 14:58:03.788259+08:00,send notification,jitai_temperature,orenth01,1
2022-10-27 15:13:05.626643+08:00,send notification,jitai_temperature,orenth07,1
2022-10-27 15:43:04.082274+08:00,send notification,jitai_temperature,orenth03,1
2022-10-27 15:43:05.016166+08:00,send notification,jitai_temperature,orenth06,1
2022-10-27 17:43:05.311312+08:00,send notification,jitai_temperature,orenth04,1
2022-10-28 10:43:08.176846+08:00,send notification,jitai_temperature,orenth02,1
2022-10-28 11:28:06.349614+08:00,send notification,jitai_temperature,orenth06,1
2022-10-28 11:28:07.427133+08:00,send notification,jitai_temperature,orenth07,1
2022-10-28 11:43:06.410851+08:00,send notification,jitai_temperature,orenth01,1
2022-10-28 12:13:07.209586+08:00,send notification,jitai_temperature,orenth03,1
2022-10-28 14:43:07.707922+08:00,send notification,jitai_temperature,orenth06,1
2022-10-28 14:43:08.825692+08:00,send notification,jitai_temperature,orenth07,1
2022-10-28 14:58:41.456338+08:00,send notification,jitai_temperature,orenth01,1
2022-10-28 15:28:08.703665+08:00,send notification,jitai_temperature,orenth03,1
2022-10-28 17:58:07.262107+08:00,send notification,jitai_temperature,orenth06,1
2022-10-28 17:58:08.389968+08:00,send notification,jitai_temperature,orenth07,1
2022-10-28 18:13:02.575544+08:00,send notification,jitai_temperature,orenth01,1
2022-10-31 11:28:10.377762+08:00,send notification,jitai_temperature,orenth02,1
2022-10-31 11:28:12.185235+08:00,send notification,jitai_temperature,orenth06,1
2022-10-31 12:13:05.652509+08:00,send notification,jitai_temperature,orenth04,1
2022-10-31 12:13:06.709807+08:00,send notification,jitai_temperature,orenth05,1
2022-10-31 13:13:11.852506+08:00,send notification,jitai_temperature,orenth07,1
2022-10-31 13:28:09.923976+08:00,send notification,jitai_temperature,orenth03,1
2022-10-31 14:13:11.917951+08:00,send notification,jitai_temperature,orenth08,1
2022-10-31 14:43:14.251056+08:00,send notification,jitai_temperature,orenth06,1
2022-10-31 15:28:14.944016+08:00,send notification,jitai_temperature,orenth04,1
2022-10-31 15:28:16.254043+08:00,send notification,jitai_temperature,orenth05,1
2022-10-31 17:58:12.921019+08:00,send notification,jitai_temperature,orenth06,1
2022-10-31 17:58:14.258943+08:00,send notification,jitai_temperature,orenth08,1
2022-10-31 18:43:15.425847+08:00,send notification,jitai_temperature,orenth05,1
2022-11-02 10:58:15.984416+08:00,send notification,jitai_temperature,orenth06,1
2022-11-02 11:58:16.647984+08:00,send notification,jitai_temperature,orenth05,1
2022-11-02 12:13:14.790970+08:00,send notification,jitai_temperature,orenth03,1
2022-11-02 12:43:16.994669+08:00,send notification,jitai_temperature,orenth08,1
2022-11-02 14:13:18.011563+08:00,send notification,jitai_temperature,orenth06,1
2022-11-02 14:13:19.954967+08:00,send notification,jitai_temperature,orenth09,1
2022-11-02 15:13:18.968768+08:00,send notification,jitai_temperature,orenth05,1
2022-11-02 15:28:17.733496+08:00,send notification,jitai_temperature,orenth03,1
2022-11-02 17:28:20.536509+08:00,send notification,jitai_temperature,orenth09,1
2022-11-03 14:28:22.121511+08:00,send notification,jitai_temperature,orenth05,1
2022-11-03 14:43:18.377896+08:00,send notification,jitai_temperature,orenth06,1
2022-11-03 17:13:22.249117+08:00,send notification,jitai_temperature,orenth07,1
2022-11-03 17:58:20.756910+08:00,send notification,jitai_temperature,orenth06,1
2022-11-04 10:43:22.509178+08:00,send notification,jitai_temperature,orenth09,1
2022-11-04 11:58:20.876285+08:00,send notification,jitai_temperature,orenth06,1
2022-11-04 11:58:22.005947+08:00,send notification,jitai_temperature,orenth08,1
2022-11-04 13:13:22.960194+08:00,send notification,jitai_temperature,orenth07,1
2022-11-04 15:13:24.247763+08:00,send notification,jitai_temperature,orenth06,1
2022-11-04 15:13:25.733147+08:00,send notification,jitai_temperature,orenth08,1
2022-11-04 16:28:26.295843+08:00,send notification,jitai_temperature,orenth07,1
2022-11-04 18:28:26.553521+08:00,send notification,jitai_temperature,orenth06,1
2022-11-04 18:28:27.796696+08:00,send notification,jitai_temperature,orenth08,1
2022-11-07 11:28:22.886323+08:00,send notification,jitai_temperature,orenth06,1
2022-11-07 11:28:25.170929+08:00,send notification,jitai_temperature,orenth07,1
2022-11-07 11:58:25.915540+08:00,send notification,jitai_temperature,orenth05,1
2022-11-07 11:58:26.973258+08:00,send notification,jitai_temperature,orenth09,1
2022-11-07 11:58:28.747324+08:00,send notification,jitai_temperature,orenth10,1
2022-11-07 14:43:26.764595+08:00,send notification,jitai_temperature,orenth06,1
2022-11-07 15:13:28.231494+08:00,send notification,jitai_temperature,orenth09,1
2022-11-07 15:13:30.223734+08:00,send notification,jitai_temperature,orenth10,1
2022-11-07 16:58:29.266731+08:00,send notification,jitai_temperature,orenth08,1
2022-11-07 16:58:31.366026+08:00,send notification,jitai_temperature,orenth11,1
2022-11-08 11:28:27.233809+08:00,send notification,jitai_temperature,orenth08,1
2022-11-08 11:28:29.072042+08:00,send notification,jitai_temperature,orenth11,1
2022-11-08 12:58:28.959025+08:00,send notification,jitai_temperature,orenth09,1
2022-11-08 12:58:30.705206+08:00,send notification,jitai_temperature,orenth10,1
2022-11-08 14:58:30.391905+08:00,send notification,jitai_temperature,orenth08,1
2022-11-08 14:58:32.513150+08:00,send notification,jitai_temperature,orenth11,1
2022-11-10 13:43:36.108794+08:00,send notification,jitai_temperature,orenth10,1
2022-11-11 11:13:38.626338+08:00,send notification,jitai_temperature,orenth10,1
2022-11-11 15:43:40.823984+08:00,send notification,jitai_temperature,orenth10,1
2022-11-14 13:28:51.779097+08:00,send notification,jitai_temperature,orenth10,1
2022-11-14 13:43:49.535075+08:00,send notification,jitai_temperature,orenth13,1
2022-11-14 14:13:49.823468+08:00,send notification,jitai_temperature,orenth17,1
2022-11-14 14:43:47.506602+08:00,send notification,jitai_temperature,orenth11,1
2022-11-14 17:09:41.629829+08:00,send notification,jitai_temperature,orenth13,1
2022-11-14 17:09:42.424274+08:00,send notification,jitai_temperature,orenth10,1
2022-11-14 18:13:17.458554+08:00,send notification,jitai_temperature,orenth23,1
2022-11-15 11:44:53.180219+08:00,send notification,jitai_temperature,orenth11,1
2022-11-15 11:44:53.913536+08:00,send notification,jitai_temperature,orenth13,1
2022-11-15 11:58:16.302651+08:00,send notification,jitai_temperature,orenth23,1
2022-11-15 12:29:54.486889+08:00,send notification,jitai_temperature,orenth10,1
2022-11-15 14:28:12.668442+08:00,send notification,jitai_temperature,orenth17,1
2022-11-15 14:43:18.489362+08:00,send notification,jitai_temperature,orenth24,1
2022-11-15 14:58:16.401790+08:00,send notification,jitai_temperature,orenth11,1
2022-11-15 14:58:17.165105+08:00,send notification,jitai_temperature,orenth13,1
2022-11-15 15:13:17.521736+08:00,send notification,jitai_temperature,orenth23,1
2022-11-15 15:43:16.964665+08:00,send notification,jitai_temperature,orenth10,1
2022-11-15 17:58:19.168602+08:00,send notification,jitai_temperature,orenth24,1
2022-11-15 18:13:17.819411+08:00,send notification,jitai_temperature,orenth11,1
2022-11-15 18:13:18.685305+08:00,send notification,jitai_temperature,orenth13,1
2022-11-15 18:28:20.726003+08:00,send notification,jitai_temperature,orenth23,1
2022-11-16 10:28:16.090701+08:00,send notification,jitai_temperature,orenth11,1
2022-11-16 10:28:16.823833+08:00,send notification,jitai_temperature,orenth13,1
2022-11-16 10:28:17.643876+08:00,send notification,jitai_temperature,orenth10,1
2022-11-16 10:28:18.594117+08:00,send notification,jitai_temperature,orenth15,1
2022-11-16 10:28:19.508665+08:00,send notification,jitai_temperature,orenth17,1
2022-11-16 10:28:24.722654+08:00,send notification,jitai_temperature,orenth23,1
2022-11-16 10:28:25.644535+08:00,send notification,jitai_temperature,orenth20,1
2022-11-16 10:28:26.621380+08:00,send notification,jitai_temperature,orenth24,1
2022-11-16 13:43:16.388160+08:00,send notification,jitai_temperature,orenth11,1
2022-11-16 13:43:17.130605+08:00,send notification,jitai_temperature,orenth13,1
2022-11-16 13:43:17.923875+08:00,send notification,jitai_temperature,orenth10,1
2022-11-16 13:43:18.885715+08:00,send notification,jitai_temperature,orenth15,1
2022-11-16 13:43:19.834517+08:00,send notification,jitai_temperature,orenth17,1
2022-11-16 13:43:26.447640+08:00,send notification,jitai_temperature,orenth23,1
2022-11-16 13:43:27.349494+08:00,send notification,jitai_temperature,orenth20,1
2022-11-16 13:43:28.369234+08:00,send notification,jitai_temperature,orenth24,1
2022-11-16 15:58:10.987887+08:00,send notification,jitai_temperature,orenth12,1
2022-11-17 11:43:22.214577+08:00,send notification,jitai_temperature,orenth23,1
2022-11-17 12:13:27.175156+08:00,send notification,jitai_temperature,orenth24,1
2022-11-17 12:28:19.474021+08:00,send notification,jitai_temperature,orenth12,1
2022-11-17 12:28:21.103144+08:00,send notification,jitai_temperature,orenth10,1
2022-11-17 12:43:19.739468+08:00,send notification,jitai_temperature,orenth17,1
2022-11-17 12:43:20.484418+08:00,send notification,jitai_temperature,orenth21,1
2022-11-17 12:43:21.955572+08:00,send notification,jitai_temperature,orenth20,1
2022-11-17 12:58:19.006091+08:00,send notification,jitai_temperature,orenth13,1
2022-11-17 13:28:19.337932+08:00,send notification,jitai_temperature,orenth14,1
2022-11-17 13:43:19.614046+08:00,send notification,jitai_temperature,orenth11,1
2022-11-17 14:28:21.666483+08:00,send notification,jitai_temperature,orenth15,1
2022-11-17 14:58:22.377902+08:00,send notification,jitai_temperature,orenth23,1
2022-11-17 15:43:14.155411+08:00,send notification,jitai_temperature,orenth12,1
2022-11-17 15:43:15.657784+08:00,send notification,jitai_temperature,orenth10,1
2022-11-17 15:43:24.510930+08:00,send notification,jitai_temperature,orenth24,1
2022-11-17 15:58:21.216386+08:00,send notification,jitai_temperature,orenth17,1
2022-11-17 15:58:21.979475+08:00,send notification,jitai_temperature,orenth21,1
2022-11-17 15:58:23.462385+08:00,send notification,jitai_temperature,orenth20,1
2022-11-17 16:13:21.173613+08:00,send notification,jitai_temperature,orenth13,1
2022-11-17 17:13:20.627636+08:00,send notification,jitai_temperature,orenth11,1
2022-11-17 17:13:21.804843+08:00,send notification,jitai_temperature,orenth14,1
2022-11-17 18:13:24.123472+08:00,send notification,jitai_temperature,orenth23,1
2022-11-18 10:58:22.867625+08:00,send notification,jitai_temperature,orenth24,1
2022-11-18 11:13:19.709774+08:00,send notification,jitai_temperature,orenth12,1
2022-11-18 11:58:20.731958+08:00,send notification,jitai_temperature,orenth17,1
2022-11-18 11:58:22.318239+08:00,send notification,jitai_temperature,orenth20,1
2022-11-18 12:28:35.793585+08:00,send notification,jitai_temperature,orenth19,1
2022-11-18 14:13:38.625531+08:00,send notification,jitai_temperature,orenth24,1
2022-11-18 14:28:34.267348+08:00,send notification,jitai_temperature,orenth12,1
2022-11-18 15:58:28.017821+08:00,send notification,jitai_noise,orenth05,1
2022-11-18 15:58:28.774106+08:00,send notification,jitai_noise,orenth01,1
2022-11-18 15:58:31.525968+08:00,send notification,jitai_noise,orenth08,1
2022-11-18 15:58:32.872556+08:00,send notification,jitai_noise,orenth09,1
2022-11-18 17:28:41.905488+08:00,send notification,jitai_temperature,orenth24,1
2022-11-21 10:58:41.355477+08:00,send notification,jitai_temperature,orenth05,1
2022-11-21 10:58:42.804253+08:00,send notification,jitai_temperature,orenth09,1
2022-11-21 10:58:48.427310+08:00,send notification,jitai_temperature,orenth11,1
2022-11-21 10:58:49.217608+08:00,send notification,jitai_temperature,orenth13,1
2022-11-21 10:58:50.104547+08:00,send notification,jitai_temperature,orenth10,1
2022-11-21 10:58:57.414198+08:00,send notification,jitai_temperature,orenth23,1
2022-11-21 10:58:59.396368+08:00,send notification,jitai_temperature,orenth24,1
2022-11-21 11:13:48.053868+08:00,send notification,jitai_temperature,orenth21,1
2022-11-21 11:13:48.877951+08:00,send notification,jitai_temperature,orenth18,1
2022-11-21 11:28:38.977784+08:00,send notification,jitai_temperature,orenth01,1
2022-11-21 11:28:43.204775+08:00,send notification,jitai_temperature,orenth14,1
2022-11-21 11:28:49.125411+08:00,send notification,jitai_temperature,orenth17,1
2022-11-21 11:28:51.567486+08:00,send notification,jitai_temperature,orenth20,1
2022-11-21 11:28:57.803651+08:00,send notification,jitai_temperature,orenth25,1
2022-11-21 11:43:48.022610+08:00,send notification,jitai_temperature,orenth16,1
2022-11-21 12:43:41.277089+08:00,send notification,jitai_temperature,orenth12,1
2022-11-21 12:43:45.166859+08:00,send notification,jitai_temperature,orenth19,1
2022-11-21 13:28:43.595525+08:00,send notification,jitai_temperature,orenth15,1
2022-11-21 14:13:40.665700+08:00,send notification,jitai_temperature,orenth05,1
2022-11-21 14:13:42.009215+08:00,send notification,jitai_temperature,orenth09,1
2022-11-21 14:13:43.155366+08:00,send notification,jitai_temperature,orenth11,1
2022-11-21 14:13:43.918764+08:00,send notification,jitai_temperature,orenth13,1
2022-11-21 14:13:51.162754+08:00,send notification,jitai_temperature,orenth10,1
2022-11-21 14:13:53.814596+08:00,send notification,jitai_temperature,orenth23,1
2022-11-21 14:13:55.649641+08:00,send notification,jitai_temperature,orenth24,1
2022-11-21 14:28:42.608218+08:00,send notification,jitai_temperature,orenth21,1
2022-11-21 14:43:40.559823+08:00,send notification,jitai_temperature,orenth08,1
2022-11-21 14:43:43.048683+08:00,send notification,jitai_temperature,orenth14,1
2022-11-21 14:43:44.586863+08:00,send notification,jitai_temperature,orenth17,1
2022-11-21 15:13:51.255121+08:00,send notification,jitai_temperature,orenth16,1
2022-11-21 15:13:53.012696+08:00,send notification,jitai_temperature,orenth18,1
2022-11-21 15:13:54.561860+08:00,send notification,jitai_temperature,orenth20,1
2022-11-21 15:13:56.150167+08:00,send notification,jitai_temperature,orenth25,1
2022-11-21 15:58:42.803483+08:00,send notification,jitai_temperature,orenth12,1
2022-11-21 15:58:46.685805+08:00,send notification,jitai_temperature,orenth19,1
2022-11-21 16:43:43.724875+08:00,send notification,jitai_temperature,orenth15,1
2022-11-21 17:28:41.518696+08:00,send notification,jitai_temperature,orenth05,1
2022-11-21 17:28:42.836110+08:00,send notification,jitai_temperature,orenth09,1
2022-11-21 17:28:51.925993+08:00,send notification,jitai_temperature,orenth13,1
2022-11-21 17:28:52.812661+08:00,send notification,jitai_temperature,orenth10,1
2022-11-21 17:28:55.545309+08:00,send notification,jitai_temperature,orenth23,1
2022-11-21 17:29:03.004327+08:00,send notification,jitai_temperature,orenth24,1
2022-11-21 17:43:46.707958+08:00,send notification,jitai_temperature,orenth21,1
2022-11-21 17:58:43.662311+08:00,send notification,jitai_temperature,orenth08,1
2022-11-21 17:58:46.190701+08:00,send notification,jitai_temperature,orenth14,1
2022-11-21 17:58:47.575318+08:00,send notification,jitai_temperature,orenth17,1
2022-11-21 18:28:53.773011+08:00,send notification,jitai_temperature,orenth18,1
2022-11-21 18:28:56.402179+08:00,send notification,jitai_temperature,orenth25,1
2022-11-22 09:58:43.273271+08:00,send notification,jitai_temperature,orenth13,1
2022-11-22 09:58:50.001916+08:00,send notification,jitai_temperature,orenth23,1
2022-11-22 10:13:48.853472+08:00,send notification,jitai_temperature,orenth24,1
2022-11-22 10:28:40.510882+08:00,send notification,jitai_temperature,orenth05,1
2022-11-22 10:28:46.452915+08:00,send notification,jitai_temperature,orenth12,1
2022-11-22 10:28:48.311481+08:00,send notification,jitai_temperature,orenth10,1
2022-11-22 10:28:54.324489+08:00,send notification,jitai_temperature,orenth18,1
2022-11-22 10:43:51.697123+08:00,send notification,jitai_temperature,orenth25,1
2022-11-22 10:58:43.571249+08:00,send notification,jitai_temperature,orenth14,1
2022-11-22 11:13:44.258753+08:00,send notification,jitai_temperature,orenth17,1
2022-11-22 11:13:49.813302+08:00,send notification,jitai_temperature,orenth21,1
2022-11-22 11:13:51.352751+08:00,send notification,jitai_temperature,orenth19,1
2022-11-22 11:13:52.164578+08:00,send notification,jitai_temperature,orenth20,1
2022-11-22 11:28:44.149473+08:00,send notification,jitai_temperature,orenth08,1
2022-11-22 11:28:45.110306+08:00,send notification,jitai_temperature,orenth09,1
2022-11-22 11:28:51.422402+08:00,send notification,jitai_temperature,orenth15,1
2022-11-22 11:28:52.192692+08:00,send notification,jitai_temperature,orenth16,1
2022-11-22 13:13:43.504241+08:00,send notification,jitai_temperature,orenth13,1
2022-11-22 13:13:46.591073+08:00,send notification,jitai_temperature,orenth23,1
2022-11-22 13:28:47.520432+08:00,send notification,jitai_temperature,orenth24,1
2022-11-22 13:43:37.160644+08:00,send notification,jitai_temperature,orenth05,1
2022-11-22 13:43:44.190007+08:00,send notification,jitai_temperature,orenth12,1
2022-11-22 13:43:46.067547+08:00,send notification,jitai_temperature,orenth10,1
2022-11-22 13:43:53.340895+08:00,send notification,jitai_temperature,orenth18,1
2022-11-22 13:58:47.620478+08:00,send notification,jitai_temperature,orenth25,1
2022-11-22 14:13:45.233101+08:00,send notification,jitai_temperature,orenth14,1
2022-11-22 14:28:45.012776+08:00,send notification,jitai_temperature,orenth17,1
2022-11-22 14:28:45.843641+08:00,send notification,jitai_temperature,orenth21,1
2022-11-22 14:28:47.383084+08:00,send notification,jitai_temperature,orenth19,1
2022-11-22 14:28:48.161866+08:00,send notification,jitai_temperature,orenth20,1
2022-11-22 14:43:43.331933+08:00,send notification,jitai_temperature,orenth08,1
2022-11-22 14:43:44.329937+08:00,send notification,jitai_temperature,orenth09,1
2022-11-22 14:43:52.183314+08:00,send notification,jitai_temperature,orenth15,1
2022-11-22 14:43:52.948529+08:00,send notification,jitai_temperature,orenth16,1
2022-11-22 16:28:40.708218+08:00,send notification,jitai_temperature,orenth13,1
2022-11-22 16:28:49.299485+08:00,send notification,jitai_temperature,orenth23,1
2022-11-22 16:43:50.215612+08:00,send notification,jitai_temperature,orenth24,1
2022-11-22 16:58:43.579592+08:00,send notification,jitai_temperature,orenth05,1
2022-11-22 16:58:45.724222+08:00,send notification,jitai_temperature,orenth12,1
2022-11-22 16:58:47.688931+08:00,send notification,jitai_temperature,orenth10,1
2022-11-22 16:58:55.475244+08:00,send notification,jitai_temperature,orenth18,1
2022-11-22 17:13:50.321648+08:00,send notification,jitai_temperature,orenth25,1
2022-11-22 17:28:46.265128+08:00,send notification,jitai_temperature,orenth14,1
2022-11-22 17:43:47.348789+08:00,send notification,jitai_temperature,orenth17,1
2022-11-22 17:43:48.252026+08:00,send notification,jitai_temperature,orenth21,1
2022-11-22 17:43:49.829242+08:00,send notification,jitai_temperature,orenth19,1
2022-11-22 17:43:50.622928+08:00,send notification,jitai_temperature,orenth20,1
2022-11-22 17:58:43.591329+08:00,send notification,jitai_temperature,orenth08,1
2022-11-22 17:58:44.613936+08:00,send notification,jitai_temperature,orenth09,1
2022-11-22 17:58:46.795021+08:00,send notification,jitai_temperature,orenth15,1
2022-11-22 17:58:53.328705+08:00,send notification,jitai_temperature,orenth16,1
2022-11-23 16:13:47.377522+08:00,send notification,jitai_temperature,orenth14,1
2022-11-24 10:13:47.696609+08:00,send notification,jitai_temperature,orenth13,1
2022-11-24 10:28:56.533644+08:00,send notification,jitai_temperature,orenth23,1
2022-11-24 10:43:45.205085+08:00,send notification,jitai_temperature,orenth08,1
2022-11-24 10:43:46.297937+08:00,send notification,jitai_temperature,orenth09,1
2022-11-24 10:43:48.483817+08:00,send notification,jitai_temperature,orenth14,1
2022-11-24 10:43:54.721907+08:00,send notification,jitai_temperature,orenth17,1
2022-11-24 10:43:56.089909+08:00,send notification,jitai_temperature,orenth18,1
2022-11-24 10:43:59.069074+08:00,send notification,jitai_temperature,orenth25,1
2022-11-24 10:58:54.453468+08:00,send notification,jitai_temperature,orenth20,1
2022-11-24 10:58:55.770459+08:00,send notification,jitai_temperature,orenth24,1
2022-11-24 11:43:46.611771+08:00,send notification,jitai_temperature,orenth12,1
2022-11-24 11:43:48.689163+08:00,send notification,jitai_temperature,orenth15,1
2022-11-24 11:43:54.200578+08:00,send notification,jitai_temperature,orenth16,1
2022-11-24 11:43:55.365309+08:00,send notification,jitai_temperature,orenth21,1
2022-11-24 11:43:57.086341+08:00,send notification,jitai_temperature,orenth19,1
2022-11-24 13:28:47.880991+08:00,send notification,jitai_temperature,orenth13,1
2022-11-24 13:43:56.180323+08:00,send notification,jitai_temperature,orenth23,1
2022-11-24 13:58:45.272998+08:00,send notification,jitai_temperature,orenth08,1
2022-11-24 13:58:46.306421+08:00,send notification,jitai_temperature,orenth09,1
2022-11-24 13:58:48.380908+08:00,send notification,jitai_temperature,orenth14,1
2022-11-24 13:58:55.164383+08:00,send notification,jitai_temperature,orenth17,1
2022-11-24 13:58:56.361355+08:00,send notification,jitai_temperature,orenth18,1
2022-11-24 13:58:59.025030+08:00,send notification,jitai_temperature,orenth25,1
2022-11-24 14:13:51.978186+08:00,send notification,jitai_temperature,orenth24,1
2022-11-24 14:28:50.620775+08:00,send notification,jitai_temperature,orenth20,1
2022-11-24 14:58:48.760057+08:00,send notification,jitai_temperature,orenth12,1
2022-11-24 14:58:50.843967+08:00,send notification,jitai_temperature,orenth15,1
2022-11-24 14:58:51.675770+08:00,send notification,jitai_temperature,orenth16,1
2022-11-24 14:58:52.861193+08:00,send notification,jitai_temperature,orenth21,1
2022-11-24 14:58:59.871738+08:00,send notification,jitai_temperature,orenth19,1
2022-11-24 16:43:49.186072+08:00,send notification,jitai_temperature,orenth13,1
2022-11-24 16:58:59.493529+08:00,send notification,jitai_temperature,orenth23,1
2022-11-24 17:13:48.111046+08:00,send notification,jitai_temperature,orenth08,1
2022-11-24 17:13:49.577444+08:00,send notification,jitai_temperature,orenth09,1
2022-11-24 17:13:51.735976+08:00,send notification,jitai_temperature,orenth14,1
2022-11-24 17:13:59.869478+08:00,send notification,jitai_temperature,orenth17,1
2022-11-24 17:14:01.117926+08:00,send notification,jitai_temperature,orenth18,1
2022-11-24 17:14:03.922388+08:00,send notification,jitai_temperature,orenth25,1
2022-11-24 17:28:53.610625+08:00,send notification,jitai_temperature,orenth24,1
2022-11-24 17:43:54.236448+08:00,send notification,jitai_temperature,orenth20,1
2022-11-24 18:13:50.616620+08:00,send notification,jitai_temperature,orenth12,1
2022-11-24 18:13:52.634565+08:00,send notification,jitai_temperature,orenth15,1
2022-11-24 18:13:59.528417+08:00,send notification,jitai_temperature,orenth16,1
2022-11-24 18:14:00.783647+08:00,send notification,jitai_temperature,orenth21,1
2022-11-24 18:14:02.492219+08:00,send notification,jitai_temperature,orenth19,1
2022-11-25 12:13:49.157966+08:00,send notification,jitai_temperature,orenth16,1
2022-11-25 12:13:51.310797+08:00,send notification,jitai_temperature,orenth23,1
2022-11-25 12:28:51.649022+08:00,send notification,jitai_temperature,orenth20,1
2022-11-25 12:28:57.862379+08:00,send notification,jitai_temperature,orenth25,1
2022-11-25 12:58:42.909826+08:00,send notification,jitai_noise,orenth08,1
2022-11-25 12:58:44.280041+08:00,send notification,jitai_noise,orenth09,1
2022-11-25 12:58:51.879945+08:00,send notification,jitai_noise,orenth13,1
2022-11-25 12:58:53.398254+08:00,send notification,jitai_noise,orenth14,1
2022-11-25 12:58:54.163880+08:00,send notification,jitai_noise,orenth15,1
2022-11-25 12:58:55.187908+08:00,send notification,jitai_noise,orenth17,1
2022-11-25 12:58:56.033124+08:00,send notification,jitai_noise,orenth21,1
2022-11-25 12:59:04.932658+08:00,send notification,jitai_noise,orenth24,1
2022-11-25 12:59:05.971566+08:00,send notification,jitai_noise,orenth26,1
2022-11-25 12:59:07.429318+08:00,send notification,jitai_noise,orenth27,1
2022-11-25 15:43:58.046489+08:00,send notification,jitai_temperature,orenth25,1
2022-11-25 16:13:53.587942+08:00,send notification,jitai_temperature,orenth20,1
2022-11-25 16:28:51.773246+08:00,send notification,jitai_temperature,orenth16,1
2022-11-25 16:43:49.918387+08:00,send notification,jitai_temperature,orenth12,1
2022-11-25 16:44:00.309435+08:00,send notification,jitai_temperature,orenth19,1
2022-11-25 16:58:51.236331+08:00,send notification,jitai_temperature,orenth18,1
2022-11-25 16:58:53.228983+08:00,send notification,jitai_temperature,orenth22,1
2022-11-25 17:13:45.429867+08:00,send notification,jitai_temperature,orenth23,1
2022-11-28 10:13:50.064590+08:00,send notification,jitai_temperature,orenth12,1
2022-11-28 10:13:52.845718+08:00,send notification,jitai_temperature,orenth17,1
2022-11-28 10:43:50.184426+08:00,send notification,jitai_temperature,orenth08,1
2022-11-28 10:43:51.632815+08:00,send notification,jitai_temperature,orenth09,1
2022-11-28 10:43:53.272421+08:00,send notification,jitai_temperature,orenth13,1
2022-11-28 10:44:00.687486+08:00,send notification,jitai_temperature,orenth15,1
2022-11-28 10:44:02.741590+08:00,send notification,jitai_temperature,orenth18,1
2022-11-28 10:44:03.858763+08:00,send notification,jitai_temperature,orenth23,1
2022-11-28 10:44:09.982267+08:00,send notification,jitai_temperature,orenth20,1
2022-11-28 10:44:10.782524+08:00,send notification,jitai_temperature,orenth22,1
2022-11-28 10:44:11.940933+08:00,send notification,jitai_temperature,orenth24,1
2022-11-28 11:13:52.586059+08:00,send notification,jitai_temperature,orenth14,1
2022-11-28 11:14:01.516116+08:00,send notification,jitai_temperature,orenth25,1
2022-11-28 11:28:57.279393+08:00,send notification,jitai_temperature,orenth21,1
2022-11-28 11:43:50.462982+08:00,send notification,jitai_temperature,orenth16,1
2022-11-28 11:43:58.026687+08:00,send notification,jitai_temperature,orenth19,1
2022-11-28 13:28:52.760223+08:00,send notification,jitai_temperature,orenth12,1
2022-11-28 13:28:55.507769+08:00,send notification,jitai_temperature,orenth17,1
2022-11-28 13:58:55.788211+08:00,send notification,jitai_temperature,orenth15,1
2022-11-28 13:59:02.275827+08:00,send notification,jitai_temperature,orenth18,1
2022-11-28 13:59:05.040176+08:00,send notification,jitai_temperature,orenth24,1
2022-11-28 14:28:53.311064+08:00,send notification,jitai_temperature,orenth14,1
2022-11-28 15:00:06.893343+08:00,send notification,jitai_temperature,orenth23,1
2022-11-29 10:28:23.123907+08:00,send notification,jitai_temperature,orenth13,1
2022-11-29 10:28:24.835266+08:00,send notification,jitai_temperature,orenth17,1
2022-11-29 10:28:25.915974+08:00,send notification,jitai_temperature,orenth18,1
2022-11-29 10:28:30.237345+08:00,send notification,jitai_temperature,orenth23,1
2022-11-29 10:28:31.220300+08:00,send notification,jitai_temperature,orenth20,1
2022-11-29 10:43:22.016239+08:00,send notification,jitai_temperature,orenth08,1
2022-11-29 10:43:23.289102+08:00,send notification,jitai_temperature,orenth09,1
2022-11-29 10:58:25.138855+08:00,send notification,jitai_temperature,orenth15,1
2022-11-29 10:58:26.338041+08:00,send notification,jitai_temperature,orenth21,1
2022-11-29 10:58:32.354865+08:00,send notification,jitai_temperature,orenth24,1
2022-11-29 11:13:27.347994+08:00,send notification,jitai_temperature,orenth12,1
2022-11-29 11:13:29.493784+08:00,send notification,jitai_temperature,orenth16,1
2022-11-29 11:28:23.330832+08:00,send notification,jitai_temperature,orenth14,1
2022-11-29 11:28:25.627887+08:00,send notification,jitai_temperature,orenth22,1
2022-11-29 11:43:26.799458+08:00,send notification,jitai_temperature,orenth19,1
2022-11-29 14:28:24.830418+08:00,send notification,jitai_temperature,orenth12,1
2022-11-29 14:58:28.769350+08:00,send notification,jitai_temperature,orenth21,1
2022-11-30 10:43:25.742152+08:00,send notification,jitai_temperature,orenth17,1
2022-11-30 10:43:26.505205+08:00,send notification,jitai_temperature,orenth21,1
2022-11-30 10:58:23.412985+08:00,send notification,jitai_temperature,orenth12,1
2022-11-30 10:58:25.106519+08:00,send notification,jitai_temperature,orenth16,1
2022-11-30 10:58:26.261317+08:00,send notification,jitai_temperature,orenth18,1
2022-11-30 11:13:25.923553+08:00,send notification,jitai_temperature,orenth14,1
2022-11-30 11:13:28.392561+08:00,send notification,jitai_temperature,orenth22,1
2022-11-30 11:28:25.466235+08:00,send notification,jitai_temperature,orenth15,1
2022-11-30 11:28:27.290444+08:00,send notification,jitai_temperature,orenth19,1
2022-11-30 11:43:22.889522+08:00,send notification,jitai_temperature,orenth08,1
2022-11-30 11:43:24.597191+08:00,send notification,jitai_temperature,orenth09,1
2022-11-30 11:43:26.197256+08:00,send notification,jitai_temperature,orenth13,1
2022-11-30 11:43:33.082650+08:00,send notification,jitai_temperature,orenth23,1
2022-11-30 11:43:33.969462+08:00,send notification,jitai_temperature,orenth20,1
2022-11-30 11:43:34.931477+08:00,send notification,jitai_temperature,orenth24,1
2022-11-30 13:58:28.523135+08:00,send notification,jitai_temperature,orenth17,1
2022-11-30 13:58:29.285207+08:00,send notification,jitai_temperature,orenth21,1
2022-11-30 14:13:25.875266+08:00,send notification,jitai_temperature,orenth12,1
2022-11-30 14:13:27.679254+08:00,send notification,jitai_temperature,orenth16,1
2022-11-30 14:13:28.892370+08:00,send notification,jitai_temperature,orenth18,1
2022-11-30 14:28:26.302158+08:00,send notification,jitai_temperature,orenth14,1
2022-11-30 14:28:28.662476+08:00,send notification,jitai_temperature,orenth22,1
2022-11-30 14:43:27.328867+08:00,send notification,jitai_temperature,orenth15,1
2022-11-30 14:58:22.854435+08:00,send notification,jitai_temperature,orenth23,1
2022-11-30 14:58:23.561930+08:00,send notification,jitai_temperature,orenth19,1
2022-12-01 11:13:31.312716+08:00,send notification,jitai_temperature,orenth16,1
2022-12-01 11:13:37.324733+08:00,send notification,jitai_temperature,orenth18,1
2022-12-01 11:13:38.146086+08:00,send notification,jitai_temperature,orenth23,1
2022-12-01 11:43:37.180981+08:00,send notification,jitai_temperature,orenth24,1
2022-12-01 11:58:26.598050+08:00,send notification,jitai_temperature,orenth12,1
2022-12-01 12:13:27.187278+08:00,send notification,jitai_temperature,orenth08,1
2022-12-01 12:13:28.628451+08:00,send notification,jitai_temperature,orenth09,1
2022-12-01 12:43:28.275204+08:00,send notification,jitai_temperature,orenth14,1
2022-12-01 12:43:31.201780+08:00,send notification,jitai_temperature,orenth22,1
2022-12-01 12:58:30.403645+08:00,send notification,jitai_temperature,orenth19,1
2022-12-01 13:13:30.466630+08:00,send notification,jitai_temperature,orenth13,1
2022-12-01 13:13:31.597182+08:00,send notification,jitai_temperature,orenth15,1
2022-12-01 13:13:32.571624+08:00,send notification,jitai_temperature,orenth17,1
2022-12-01 13:13:33.447472+08:00,send notification,jitai_temperature,orenth21,1
2022-12-02 12:58:22.753104+08:00,send notification,jitai_noise,orenth09,1
2022-12-02 12:58:32.517904+08:00,send notification,jitai_noise,orenth13,1
2022-12-02 12:58:33.829775+08:00,send notification,jitai_noise,orenth14,1
2022-12-02 12:58:35.024929+08:00,send notification,jitai_noise,orenth17,1
2022-12-02 12:58:42.331334+08:00,send notification,jitai_noise,orenth23,1
2022-12-02 12:58:43.910622+08:00,send notification,jitai_noise,orenth22,1
2022-12-02 14:43:30.298928+08:00,send notification,jitai_temperature,orenth12,1
2022-12-05 10:43:36.233382+08:00,send notification,jitai_temperature,orenth14,1
2022-12-05 10:43:43.531927+08:00,send notification,jitai_temperature,orenth22,1
2022-12-05 10:58:33.773944+08:00,send notification,jitai_temperature,orenth15,1
2022-12-05 10:58:34.535403+08:00,send notification,jitai_temperature,orenth16,1
2022-12-05 10:58:42.686637+08:00,send notification,jitai_temperature,orenth26,1
2022-12-05 11:13:35.221415+08:00,send notification,jitai_temperature,orenth18,1
2022-12-05 11:13:41.574513+08:00,send notification,jitai_temperature,orenth23,1
2022-12-06 10:58:34.981279+08:00,send notification,jitai_temperature,orenth13,1
2022-12-06 10:58:36.016034+08:00,send notification,jitai_temperature,orenth14,1
2022-12-06 10:58:41.000514+08:00,send notification,jitai_temperature,orenth17,1
2022-12-06 10:58:41.791079+08:00,send notification,jitai_temperature,orenth21,1
2022-12-06 10:58:44.294759+08:00,send notification,jitai_temperature,orenth22,1
2022-12-06 10:58:52.620642+08:00,send notification,jitai_temperature,orenth36,1
2022-12-06 11:13:35.124389+08:00,send notification,jitai_temperature,orenth12,1
2022-12-06 11:13:37.663120+08:00,send notification,jitai_temperature,orenth15,1
2022-12-06 11:13:38.376788+08:00,send notification,jitai_temperature,orenth16,1
2022-12-06 11:13:45.684343+08:00,send notification,jitai_temperature,orenth26,1
2022-12-06 11:58:44.737731+08:00,send notification,jitai_temperature,orenth19,1
2022-12-06 12:13:37.957500+08:00,send notification,jitai_temperature,orenth18,1
2022-12-06 12:13:42.527441+08:00,send notification,jitai_temperature,orenth23,1
2022-12-07 11:13:39.302826+08:00,send notification,jitai_temperature,orenth21,1
2022-12-07 11:13:41.190268+08:00,send notification,jitai_temperature,orenth22,1
2022-12-07 11:43:37.769614+08:00,send notification,jitai_temperature,orenth12,1
2022-12-07 11:43:39.849349+08:00,send notification,jitai_temperature,orenth14,1
2022-12-07 11:58:42.251964+08:00,send notification,jitai_temperature,orenth18,1
2022-12-07 11:58:47.370331+08:00,send notification,jitai_temperature,orenth23,1
2022-12-07 11:58:49.983914+08:00,send notification,jitai_temperature,orenth26,1
2022-12-07 11:58:57.002161+08:00,send notification,jitai_temperature,orenth36,1
2022-12-07 12:43:38.150332+08:00,send notification,jitai_temperature,orenth09,1
2022-12-07 12:43:42.206359+08:00,send notification,jitai_temperature,orenth19,1
2022-12-07 13:13:39.588991+08:00,send notification,jitai_temperature,orenth13,1
2022-12-07 13:13:40.819284+08:00,send notification,jitai_temperature,orenth15,1
2022-12-07 13:13:41.556471+08:00,send notification,jitai_temperature,orenth16,1
2022-12-07 13:13:42.358809+08:00,send notification,jitai_temperature,orenth17,1
2022-12-07 14:28:41.013268+08:00,send notification,jitai_temperature,orenth21,1
2022-12-07 14:28:43.033714+08:00,send notification,jitai_temperature,orenth22,1
2022-12-07 15:13:51.302003+08:00,send notification,jitai_temperature,orenth26,1
2022-12-08 10:13:43.788769+08:00,send notification,jitai_temperature,orenth26,1
2022-12-08 10:28:42.510995+08:00,send notification,jitai_temperature,orenth18,1
2022-12-08 10:28:47.143093+08:00,send notification,jitai_temperature,orenth23,1
2022-12-08 11:58:48.054936+08:00,send notification,jitai_temperature,orenth19,1
2022-12-08 12:13:56.955218+08:00,send notification,jitai_temperature,orenth38,1
2022-12-08 12:28:41.427621+08:00,send notification,jitai_temperature,orenth14,1
2022-12-08 12:28:50.018274+08:00,send notification,jitai_temperature,orenth22,1
2022-12-08 12:43:54.540096+08:00,send notification,jitai_noise,orenth36,1
2022-12-08 12:58:43.207642+08:00,send notification,jitai_temperature,orenth12,1
2022-12-08 12:58:54.263391+08:00,send notification,jitai_temperature,orenth43,1
2022-12-08 12:58:55.030119+08:00,send notification,jitai_temperature,orenth32,1
2022-12-08 13:28:39.300804+08:00,send notification,jitai_temperature,orenth09,1
2022-12-08 13:28:50.486329+08:00,send notification,jitai_temperature,orenth26,1
2022-12-08 13:28:51.514586+08:00,send notification,jitai_temperature,orenth28,1
2022-12-08 13:43:43.710463+08:00,send notification,jitai_temperature,orenth18,1
2022-12-08 13:43:44.608489+08:00,send notification,jitai_temperature,orenth23,1
2022-12-08 13:58:55.125227+08:00,send notification,jitai_temperature,orenth36,1
2022-12-09 12:58:36.249742+08:00,send notification,jitai_noise,orenth09,1
2022-12-09 12:58:39.974295+08:00,send notification,jitai_noise,orenth13,1
2022-12-09 12:58:41.351806+08:00,send notification,jitai_noise,orenth14,1
2022-12-09 12:58:42.104471+08:00,send notification,jitai_noise,orenth15,1
2022-12-09 12:58:42.795984+08:00,send notification,jitai_noise,orenth16,1
2022-12-09 12:58:43.551233+08:00,send notification,jitai_noise,orenth17,1
2022-12-09 12:58:44.316969+08:00,send notification,jitai_noise,orenth21,1
2022-12-09 12:58:45.166800+08:00,send notification,jitai_noise,orenth18,1
2022-12-09 12:58:45.951985+08:00,send notification,jitai_noise,orenth23,1
2022-12-09 12:58:46.717778+08:00,send notification,jitai_noise,orenth19,1
2022-12-09 12:58:54.445158+08:00,send notification,jitai_noise,orenth26,1
2022-12-09 12:58:55.141183+08:00,send notification,jitai_noise,orenth30,1
2022-12-09 12:58:56.465218+08:00,send notification,jitai_noise,orenth27,1
2022-12-09 12:58:57.150639+08:00,send notification,jitai_noise,orenth31,1
2022-12-09 12:59:02.588223+08:00,send notification,jitai_noise,orenth33,1
2022-12-09 13:43:49.274677+08:00,send notification,jitai_noise,orenth37,1
2022-12-09 15:43:53.283209+08:00,send notification,jitai_noise,orenth39,1
2022-12-12 15:28:59.586664+08:00,send notification,jitai_temperature,orenth28,1
2022-12-13 11:43:55.684749+08:00,send notification,jitai_temperature,orenth18,1
2022-12-13 11:43:56.594037+08:00,send notification,jitai_temperature,orenth23,1
2022-12-13 11:58:45.836281+08:00,send notification,jitai_temperature,orenth09,1
2022-12-13 11:58:47.727463+08:00,send notification,jitai_temperature,orenth14,1
2022-12-13 11:58:56.232366+08:00,send notification,jitai_temperature,orenth22,1
2022-12-13 11:58:58.207214+08:00,send notification,jitai_temperature,orenth26,1
2022-12-13 11:58:59.249989+08:00,send notification,jitai_temperature,orenth28,1
2022-12-13 11:59:07.874270+08:00,send notification,jitai_temperature,orenth39,1
2022-12-13 12:28:49.595479+08:00,send notification,jitai_temperature,orenth16,1
2022-12-13 12:28:56.300321+08:00,send notification,jitai_temperature,orenth19,1
2022-12-13 12:29:05.090103+08:00,send notification,jitai_temperature,orenth27,1
2022-12-13 12:58:49.821387+08:00,send notification,jitai_temperature,orenth41,1
2022-12-13 12:59:04.852247+08:00,send notification,jitai_temperature,orenth43,1
2022-12-16 11:58:53.573778+08:00,send notification,jitai_temperature,orenth28,1
2022-12-16 11:58:54.799692+08:00,send notification,jitai_temperature,orenth43,1
2022-12-16 11:58:55.734753+08:00,send notification,jitai_temperature,orenth33,1
2022-12-16 12:13:49.667305+08:00,send notification,jitai_temperature,orenth32,1
2022-12-16 12:18:50.261589+08:00,send notification,jitai_temperature,orenth34,1
2022-12-16 12:18:51.003381+08:00,send notification,jitai_temperature,orenth38,1
2022-12-16 12:18:51.722225+08:00,send notification,jitai_temperature,orenth37,1
2022-12-16 12:18:53.351340+08:00,send notification,jitai_temperature,orenth45,1
2022-12-16 12:43:43.482863+08:00,send notification,jitai_noise,orenth41,1
2022-12-16 12:48:41.947429+08:00,send notification,jitai_noise,orenth26,1
2022-12-16 12:48:42.547019+08:00,send notification,jitai_noise,orenth30,1
2022-12-16 12:48:43.333397+08:00,send notification,jitai_noise,orenth29,1
2022-12-16 12:48:44.152360+08:00,send notification,jitai_noise,orenth27,1
2022-12-16 12:48:44.743738+08:00,send notification,jitai_noise,orenth31,1
2022-12-16 12:48:46.367878+08:00,send notification,jitai_noise,orenth36,1
2022-12-16 12:48:47.362301+08:00,send notification,jitai_noise,orenth39,1
2022-12-16 12:48:53.355984+08:00,send notification,jitai_temperature,orenth46,1
2022-12-16 15:03:50.820044+08:00,send notification,jitai_temperature,orenth28,1
2022-12-16 15:03:52.365789+08:00,send notification,jitai_temperature,orenth43,1
2022-12-16 15:03:53.267708+08:00,send notification,jitai_temperature,orenth33,1
2022-12-16 15:18:51.972291+08:00,send notification,jitai_temperature,orenth32,1
2022-12-16 15:23:52.303005+08:00,send notification,jitai_temperature,orenth34,1
2022-12-16 15:23:53.048017+08:00,send notification,jitai_temperature,orenth38,1
2022-12-16 15:23:53.784298+08:00,send notification,jitai_temperature,orenth37,1
2022-12-16 15:23:55.380180+08:00,send notification,jitai_temperature,orenth45,1
2022-12-16 17:43:47.709597+08:00,send notification,jitai_noise,orenth44,1
2022-12-20 11:32:00.761817+08:00,send notification,jitai_temperature,orenth26,1
2022-12-20 11:58:52.861584+08:00,send notification,jitai_temperature,orenth34,1
2022-12-20 12:23:49.754988+08:00,send notification,jitai_temperature,orenth41,1
2022-12-20 12:23:52.736862+08:00,send notification,jitai_temperature,orenth33,1
2022-12-20 12:33:53.801446+08:00,send notification,jitai_temperature,orenth45,1
2022-12-20 12:33:54.516263+08:00,send notification,jitai_temperature,orenth46,1
2022-12-20 12:38:50.985773+08:00,send notification,jitai_temperature,orenth40,1
2022-12-20 12:38:52.114007+08:00,send notification,jitai_temperature,orenth28,1
2022-12-20 12:38:53.261610+08:00,send notification,jitai_temperature,orenth27,1
2022-12-20 12:38:54.883560+08:00,send notification,jitai_temperature,orenth35,1
2022-12-20 12:53:51.136393+08:00,send notification,jitai_temperature,orenth29,1
2022-12-20 12:53:53.221039+08:00,send notification,jitai_temperature,orenth39,1
2022-12-20 13:43:52.428909+08:00,send notification,jitai_temperature,orenth32,1
2022-12-20 14:33:50.796882+08:00,send notification,jitai_temperature,orenth26,1
2022-12-20 15:03:54.041334+08:00,send notification,jitai_temperature,orenth34,1
2022-12-20 15:43:52.339022+08:00,send notification,jitai_temperature,orenth40,1
2022-12-20 15:43:53.481514+08:00,send notification,jitai_temperature,orenth28,1
2022-12-20 15:43:54.606467+08:00,send notification,jitai_temperature,orenth27,1
2022-12-20 15:43:56.272141+08:00,send notification,jitai_temperature,orenth35,1
2022-12-20 15:58:53.182015+08:00,send notification,jitai_temperature,orenth29,1
2022-12-20 15:58:55.339614+08:00,send notification,jitai_temperature,orenth39,1
2022-12-21 11:08:21.500845+08:00,send notification,jitai_temperature,orenth27,1
2022-12-21 11:23:25.238080+08:00,send notification,jitai_temperature,orenth33,1
2022-12-21 11:23:26.428128+08:00,send notification,jitai_temperature,orenth41,1
2022-12-21 11:23:27.201306+08:00,send notification,jitai_temperature,orenth40,1
2022-12-21 11:23:27.905805+08:00,send notification,jitai_temperature,orenth45,1
2022-12-21 11:28:21.612205+08:00,send notification,jitai_temperature,orenth29,1
2022-12-21 12:03:22.150112+08:00,send notification,jitai_temperature,orenth32,1
2022-12-21 12:03:22.757644+08:00,send notification,jitai_temperature,orenth34,1
2022-12-21 12:03:24.024566+08:00,send notification,jitai_temperature,orenth46,1
2022-12-21 12:38:21.260699+08:00,send notification,jitai_temperature,orenth26,1
2022-12-21 14:13:22.749106+08:00,send notification,jitai_temperature,orenth27,1
2022-12-21 14:18:24.909348+08:00,send notification,jitai_temperature,orenth35,1
2022-12-21 14:28:23.752546+08:00,send notification,jitai_temperature,orenth33,1
2022-12-21 14:28:24.666256+08:00,send notification,jitai_temperature,orenth41,1
2022-12-21 14:28:25.416647+08:00,send notification,jitai_temperature,orenth40,1
2022-12-21 14:28:26.100097+08:00,send notification,jitai_temperature,orenth45,1
2022-12-21 14:33:22.967162+08:00,send notification,jitai_temperature,orenth29,1
2022-12-21 14:38:23.490133+08:00,send notification,jitai_temperature,orenth39,1
2022-12-21 15:38:22.965105+08:00,send notification,jitai_temperature,orenth32,1
2022-12-21 15:43:24.014160+08:00,send notification,jitai_temperature,orenth26,1
2022-12-21 17:48:25.287961+08:00,send notification,jitai_temperature,orenth45,1
2022-12-23 12:18:18.183247+08:00,send notification,jitai_noise,orenth30,1
2022-12-23 12:18:24.042509+08:00,send notification,jitai_noise,orenth29,1
2022-12-23 12:18:25.062236+08:00,send notification,jitai_noise,orenth32,1
2022-12-23 12:18:25.808395+08:00,send notification,jitai_noise,orenth42,1
2022-12-23 12:18:26.343213+08:00,send notification,jitai_noise,orenth35,1
2022-12-23 12:18:26.916140+08:00,send notification,jitai_noise,orenth41,1
2022-12-23 12:18:27.629498+08:00,send notification,jitai_noise,orenth40,1
2022-12-23 12:18:28.452105+08:00,send notification,jitai_noise,orenth46,1
2022-12-23 12:18:29.077179+08:00,send notification,jitai_noise,orenth48,1
2022-12-23 13:53:24.662940+08:00,send notification,jitai_temperature,orenth34,1
2022-12-23 14:33:24.541159+08:00,send notification,jitai_temperature,orenth27,1
2022-12-23 14:53:24.560181+08:00,send notification,jitai_temperature,orenth28,1
2022-12-23 16:33:25.682826+08:00,send notification,jitai_noise,orenth39,1
2022-12-26 12:28:24.617043+08:00,send notification,jitai_temperature,orenth33,1
2022-12-26 12:28:25.568515+08:00,send notification,jitai_temperature,orenth42,1
2022-12-26 12:28:26.332373+08:00,send notification,jitai_temperature,orenth41,1
2022-12-26 12:28:27.290160+08:00,send notification,jitai_temperature,orenth40,1
2022-12-26 12:28:27.969974+08:00,send notification,jitai_temperature,orenth45,1
2022-12-26 12:38:22.922911+08:00,send notification,jitai_temperature,orenth29,1
2022-12-26 12:43:25.936778+08:00,send notification,jitai_temperature,orenth39,1
2022-12-26 12:43:26.783605+08:00,send notification,jitai_temperature,orenth46,1
2022-12-26 12:58:23.868545+08:00,send notification,jitai_temperature,orenth27,1
2022-12-26 13:13:24.187823+08:00,send notification,jitai_temperature,orenth34,1
2022-12-26 13:33:23.919294+08:00,send notification,jitai_temperature,orenth28,1
2022-12-26 14:13:26.018247+08:00,send notification,jitai_temperature,orenth35,1
2022-12-26 15:43:24.563736+08:00,send notification,jitai_temperature,orenth29,1
2022-12-26 16:03:27.421168+08:00,send notification,jitai_temperature,orenth46,1
2022-12-27 12:23:24.104379+08:00,send notification,jitai_temperature,orenth29,1
2022-12-27 12:33:24.552759+08:00,send notification,jitai_temperature,orenth27,1
2022-12-27 12:33:25.830457+08:00,send notification,jitai_temperature,orenth42,1
2022-12-27 12:33:26.829314+08:00,send notification,jitai_temperature,orenth39,1
2022-12-27 12:33:27.437615+08:00,send notification,jitai_temperature,orenth40,1
2022-12-27 12:38:24.781217+08:00,send notification,jitai_temperature,orenth33,1
2022-12-27 12:38:25.582121+08:00,send notification,jitai_temperature,orenth34,1
2022-12-27 12:38:26.419731+08:00,send notification,jitai_temperature,orenth41,1
2022-12-27 12:38:27.280873+08:00,send notification,jitai_temperature,orenth45,1
2022-12-27 12:58:27.083378+08:00,send notification,jitai_temperature,orenth46,1
2022-12-27 13:43:25.281530+08:00,send notification,jitai_temperature,orenth32,1
2022-12-27 13:43:26.119184+08:00,send notification,jitai_temperature,orenth35,1
2022-12-27 14:48:24.998161+08:00,send notification,jitai_temperature,orenth28,1
2022-12-27 15:28:25.301876+08:00,send notification,jitai_temperature,orenth29,1
2022-12-27 15:43:26.764282+08:00,send notification,jitai_temperature,orenth27,1
2022-12-28 11:53:25.194319+08:00,send notification,jitai_temperature,orenth34,1
2022-12-28 14:18:28.862807+08:00,send notification,jitai_temperature,orenth33,1
2022-12-28 14:18:30.106865+08:00,send notification,jitai_temperature,orenth41,1
2022-12-28 14:18:30.957450+08:00,send notification,jitai_temperature,orenth40,1
2022-12-28 14:18:31.699327+08:00,send notification,jitai_temperature,orenth45,1
2022-12-29 12:03:25.983891+08:00,send notification,jitai_temperature,orenth34,1
2022-12-29 12:33:25.954157+08:00,send notification,jitai_temperature,orenth33,1
2022-12-29 12:33:27.152505+08:00,send notification,jitai_temperature,orenth41,1
2022-12-29 12:33:28.190321+08:00,send notification,jitai_temperature,orenth40,1
2022-12-29 12:33:28.906610+08:00,send notification,jitai_temperature,orenth45,1
2022-12-29 13:08:26.787398+08:00,send notification,jitai_temperature,orenth39,1
2022-12-29 13:28:26.741670+08:00,send notification,jitai_temperature,orenth35,1
2022-12-29 13:28:27.806576+08:00,send notification,jitai_temperature,orenth46,1
2022-12-29 13:33:25.922191+08:00,send notification,jitai_temperature,orenth29,1
2022-12-29 13:33:27.322268+08:00,send notification,jitai_temperature,orenth42,1
2022-12-29 13:58:25.576747+08:00,send notification,jitai_temperature,orenth28,1
2022-12-29 13:58:26.532778+08:00,send notification,jitai_temperature,orenth32,1
2022-12-29 14:08:26.057322+08:00,send notification,jitai_temperature,orenth27,1
2022-12-29 15:23:26.555108+08:00,send notification,jitai_temperature,orenth34,1
2022-12-29 15:38:26.273064+08:00,send notification,jitai_temperature,orenth33,1
2022-12-29 15:38:27.300076+08:00,send notification,jitai_temperature,orenth41,1
2022-12-29 15:38:28.320399+08:00,send notification,jitai_temperature,orenth45,1
2022-12-29 15:43:26.976819+08:00,send notification,jitai_temperature,orenth40,1
2022-12-29 16:33:27.489293+08:00,send notification,jitai_temperature,orenth35,1
2022-12-29 16:33:28.697355+08:00,send notification,jitai_temperature,orenth46,1
2022-12-30 12:18:19.943922+08:00,send notification,jitai_noise,orenth27,1
2022-12-30 12:18:25.772543+08:00,send notification,jitai_noise,orenth29,1
2022-12-30 12:18:26.327511+08:00,send notification,jitai_noise,orenth31,1
2022-12-30 12:18:27.103330+08:00,send notification,jitai_temperature,orenth33,1
2022-12-30 12:18:27.910470+08:00,send notification,jitai_temperature,orenth34,1
2022-12-30 12:18:28.817319+08:00,send notification,jitai_noise,orenth41,1
2022-12-30 12:18:29.395020+08:00,send notification,jitai_noise,orenth39,1
2022-12-30 12:18:29.926119+08:00,send notification,jitai_noise,orenth40,1
2022-12-30 12:18:30.745477+08:00,send notification,jitai_noise,orenth48,1
2022-12-30 12:18:31.311151+08:00,send notification,jitai_noise,orenth50,1
2022-12-30 12:48:25.649654+08:00,send notification,jitai_temperature,orenth28,1
2022-12-30 12:48:26.877690+08:00,send notification,jitai_temperature,orenth42,1
2022-12-30 12:48:27.484532+08:00,send notification,jitai_temperature,orenth35,1
2022-12-30 13:03:26.535894+08:00,send notification,jitai_temperature,orenth32,1
2022-12-30 15:53:27.296636+08:00,send notification,jitai_temperature,orenth35,1
2022-12-30 15:58:26.661611+08:00,send notification,jitai_temperature,orenth28,1
2022-12-30 17:03:27.299291+08:00,send notification,jitai_temperature,orenth34,1
2022-12-30 17:18:26.552945+08:00,send notification,jitai_temperature,orenth32,1
2023-01-06 12:18:21.022877+08:00,send notification,jitai_noise,orenth31,1
2023-01-06 12:18:21.608069+08:00,send notification,jitai_noise,orenth28,1
2023-01-06 12:18:22.189064+08:00,send notification,jitai_noise,orenth33,1
2023-01-06 12:18:22.750669+08:00,send notification,jitai_noise,orenth32,1
2023-01-06 12:18:23.494122+08:00,send notification,jitai_noise,orenth27,1
2023-01-06 12:18:24.029725+08:00,send notification,jitai_noise,orenth34,1
2023-01-06 12:18:24.746719+08:00,send notification,jitai_noise,orenth42,1
2023-01-06 12:18:25.333483+08:00,send notification,jitai_noise,orenth35,1
2023-01-06 12:18:26.567707+08:00,send notification,jitai_noise,orenth47,1
2023-01-06 12:18:27.115560+08:00,send notification,jitai_noise,orenth48,1
2023-01-06 12:18:27.765240+08:00,send notification,jitai_noise,orenth50,1
2023-01-10 12:28:22.967958+08:00,send notification,jitai_temperature,orenth42,1
2023-01-10 13:18:19.537159+08:00,send notification,jitai_temperature,orenth27,1
2023-01-10 13:18:21.296045+08:00,send notification,jitai_temperature,orenth50,1
2023-01-10 15:53:20.240107+08:00,send notification,jitai_temperature,orenth42,1
2023-01-10 16:28:20.567662+08:00,send notification,jitai_temperature,orenth27,1
2023-01-10 16:48:23.060168+08:00,send notification,jitai_temperature,orenth50,1
2023-01-11 10:08:22.119699+08:00,send notification,jitai_temperature,orenth27,1
2023-01-11 10:08:22.710217+08:00,send notification,jitai_temperature,orenth29,1
2023-01-11 10:08:24.520316+08:00,send notification,jitai_temperature,orenth42,1
2023-01-11 10:08:26.091973+08:00,send notification,jitai_temperature,orenth50,1
2023-01-12 11:13:22.276517+08:00,send notification,jitai_temperature,orenth29,1
2023-01-12 11:38:22.883893+08:00,send notification,jitai_temperature,orenth27,1
2023-01-12 11:38:24.165688+08:00,send notification,jitai_temperature,orenth44,1
2023-01-12 11:38:24.874648+08:00,send notification,jitai_temperature,orenth48,1
2023-01-12 11:38:25.466333+08:00,send notification,jitai_temperature,orenth49,1
2023-01-12 11:38:26.075300+08:00,send notification,jitai_temperature,orenth50,1
2023-01-12 11:58:19.784252+08:00,send notification,jitai_temperature,orenth42,1
2023-01-12 14:18:23.079240+08:00,send notification,jitai_temperature,orenth29,1
2023-01-12 14:43:19.230323+08:00,send notification,jitai_temperature,orenth27,1
2023-01-12 14:43:20.564256+08:00,send notification,jitai_temperature,orenth48,1
2023-01-12 14:43:21.179577+08:00,send notification,jitai_temperature,orenth49,1
2023-01-12 14:43:21.772026+08:00,send notification,jitai_temperature,orenth50,1
2023-01-12 15:03:25.883829+08:00,send notification,jitai_temperature,orenth42,1
2023-01-12 17:48:24.756315+08:00,send notification,jitai_temperature,orenth27,1
2023-01-12 17:48:25.860979+08:00,send notification,jitai_temperature,orenth48,1
2023-01-12 17:48:26.815306+08:00,send notification,jitai_temperature,orenth49,1
2023-01-12 17:48:27.469652+08:00,send notification,jitai_temperature,orenth50,1
2023-01-12 18:08:23.602416+08:00,send notification,jitai_temperature,orenth42,1
2023-01-13 10:58:21.596997+08:00,send notification,jitai_temperature,orenth49,1
2023-01-13 10:58:22.190748+08:00,send notification,jitai_temperature,orenth50,1
2023-01-13 11:13:23.144156+08:00,send notification,jitai_temperature,orenth42,1
2023-01-13 12:18:17.937350+08:00,send notification,jitai_noise,orenth27,1
2023-01-13 12:18:19.309238+08:00,send notification,jitai_noise,orenth47,1
2023-01-13 12:18:19.832427+08:00,send notification,jitai_noise,orenth48,1
2023-01-16 11:38:22.408169+08:00,send notification,jitai_temperature,orenth48,1
2023-01-16 11:53:21.033268+08:00,send notification,jitai_temperature,orenth27,1
2023-01-16 11:53:22.237359+08:00,send notification,jitai_temperature,orenth49,1
2023-01-16 11:53:22.879285+08:00,send notification,jitai_temperature,orenth50,1
2023-01-16 13:13:18.033603+08:00,send notification,jitai_temperature,orenth42,1
2023-01-16 14:43:22.636635+08:00,send notification,jitai_temperature,orenth48,1
2023-01-16 14:58:22.064721+08:00,send notification,jitai_temperature,orenth27,1
2023-01-16 14:58:23.352480+08:00,send notification,jitai_temperature,orenth49,1
2023-01-16 14:58:23.957243+08:00,send notification,jitai_temperature,orenth50,1
2023-01-17 11:43:21.271965+08:00,send notification,jitai_temperature,orenth48,1
2023-01-17 11:43:21.846566+08:00,send notification,jitai_temperature,orenth49,1
2023-01-17 11:43:22.433667+08:00,send notification,jitai_temperature,orenth50,1
2023-01-17 12:23:21.455089+08:00,send notification,jitai_temperature,orenth42,1
2023-01-17 14:48:17.659462+08:00,send notification,jitai_temperature,orenth48,1
2023-01-17 14:48:18.245547+08:00,send notification,jitai_temperature,orenth49,1
2023-01-17 14:48:18.893252+08:00,send notification,jitai_temperature,orenth50,1
2023-01-17 15:28:21.682608+08:00,send notification,jitai_temperature,orenth42,1
2023-01-17 17:53:22.943795+08:00,send notification,jitai_temperature,orenth48,1
2023-01-17 17:53:23.578782+08:00,send notification,jitai_temperature,orenth49,1
2023-01-17 17:53:24.196864+08:00,send notification,jitai_temperature,orenth50,1
2023-01-18 12:23:23.114346+08:00,send notification,jitai_temperature,orenth48,1
2023-01-18 12:23:23.710095+08:00,send notification,jitai_temperature,orenth49,1
2023-01-18 12:23:24.322638+08:00,send notification,jitai_temperature,orenth50,1
2023-01-18 13:08:23.157333+08:00,send notification,jitai_temperature,orenth42,1
2023-01-18 15:28:23.122426+08:00,send notification,jitai_temperature,orenth48,1
2023-01-18 15:28:23.750680+08:00,send notification,jitai_temperature,orenth49,1
2023-01-18 15:28:24.390410+08:00,send notification,jitai_temperature,orenth50,1
2023-01-18 16:13:22.713342+08:00,send notification,jitai_temperature,orenth42,1
2023-01-20 12:18:17.267281+08:00,send notification,jitai_noise,orenth31,1
2023-01-20 12:18:23.732429+08:00,send notification,jitai_noise,orenth50,1
2023-01-20 15:23:17.396734+08:00,send notification,jitai_noise,orenth42,1
2023-01-27 12:18:20.318573+08:00,send notification,jitai_noise,orenth42,1
2023-01-27 12:18:20.940265+08:00,send notification,jitai_noise,orenth49,1
2023-01-27 13:13:19.862604+08:00,send notification,jitai_temperature,orenth31,1
2023-01-27 16:18:21.252998+08:00,send notification,jitai_temperature,orenth31,1
2023-02-01 13:58:18.849733+08:00,send notification,jitai_temperature,orenth42,1
2023-02-01 14:13:19.535291+08:00,send notification,jitai_temperature,orenth48,1
2023-02-02 13:18:19.733407+08:00,send notification,jitai_temperature,orenth31,1
2023-02-02 13:18:20.519636+08:00,send notification,jitai_temperature,orenth48,1
2023-02-03 12:18:14.384665+08:00,send notification,jitai_noise,orenth31,1
2023-02-03 12:33:19.823027+08:00,send notification,jitai_temperature,orenth48,1
2023-02-06 15:23:20.813109+08:00,send notification,jitai_temperature,orenth31,1
2023-02-07 12:58:19.139440+08:00,send notification,jitai_temperature,orenth48,1
2023-02-07 13:18:22.614967+08:00,send notification,jitai_temperature,orenth31,1
2023-02-07 16:03:21.929587+08:00,send notification,jitai_temperature,orenth48,1
2023-02-07 16:23:20.370390+08:00,send notification,jitai_temperature,orenth31,1
2023-02-08 11:53:18.764890+08:00,send notification,jitai_temperature,orenth31,1
2023-02-08 12:13:18.545017+08:00,send notification,jitai_temperature,orenth48,1
2023-02-08 14:58:19.236098+08:00,send notification,jitai_temperature,orenth31,1
2023-02-08 15:18:20.613418+08:00,send notification,jitai_temperature,orenth48,1
2023-02-09 12:13:14.110158+08:00,send notification,jitai_temperature,orenth31,1
2023-02-09 13:28:14.027224+08:00,send notification,jitai_temperature,orenth48,1
2023-02-09 15:28:17.072308+08:00,send notification,jitai_temperature,orenth31,1
2023-02-10 12:18:10.674128+08:00,send notification,jitai_noise,orenth31,1
2023-02-10 12:18:11.211026+08:00,send notification,jitai_noise,orenth48,1
2023-02-13 13:43:16.828783+08:00,send notification,jitai_temperature,orenth48,1
2023-02-13 14:03:16.458808+08:00,send notification,jitai_temperature,orenth31,1
2023-02-14 12:18:16.449551+08:00,send notification,jitai_temperature,orenth31,1
2023-02-14 15:33:17.498057+08:00,send notification,jitai_temperature,orenth31,1
2023-02-16 12:13:16.533808+08:00,send notification,jitai_temperature,orenth31,1
2023-02-16 15:38:16.639553+08:00,send notification,jitai_temperature,orenth31,1
2023-02-17 14:33:17.015032+08:00,send notification,jitai_temperature,orenth31,1
2023-02-20 10:53:15.334083+08:00,send notification,jitai_temperature,orenth31,1
2023-02-20 14:43:17.375431+08:00,send notification,jitai_temperature,orenth31,1
2023-02-21 14:08:17.100575+08:00,send notification,jitai_temperature,orenth31,1
2023-02-22 13:18:16.468407+08:00,send notification,jitai_temperature,orenth31,1
2023-02-23 12:28:17.021281+08:00,send notification,jitai_temperature,orenth31,1
2023-02-23 15:38:16.988830+08:00,send notification,jitai_temperature,orenth31,1
2023-02-24 12:18:10.911219+08:00,send notification,jitai_noise,orenth31,1
2023-03-02 13:33:16.156543+08:00,send notification,jitai_temperature,orenth31,1
2023-03-03 12:18:11.065174+08:00,send notification,jitai_noise,orenth31,1
2023-03-06 12:33:15.643715+08:00,send notification,jitai_temperature,orenth31,1
